{
  "Components": {
    "TransformComponent": {
      "Position": [ 1.2999999523162842, 5.099999904632568, 0.0 ],
      "Rotation": [ 0.11999999731779099, 0.05299999937415123, 0.0, 1.0 ],
      "Scale": [ 1.0, 1.0, 1.0 ]
    }
   
  }
}
